Rank,Channel_Name,Subscriber_Count,Video_Views,Video_Count,Genre,Channel_Started,Channel_Age,Avg_Views_Per_Video,Upload_Consistency,Health_Score,Creator_Segment,Growth_Score
1,T-Series,1.0,1.0,18831,Music,2006,20,0.0117090157289476,0.050213101755135,65.99,Emerging Creator,71.71
2,Cocomelon - Nursery Rhymes,0.6442043895747599,0.6886683079042278,861,Education,2006,20,0.1810390952969528,0.0022594885557876,46.86,Emerging Creator,47.1
3,SET India,0.6356310013717421,0.6277202464907589,105649,Film & Animation,2006,20,0.001321177597908,0.2818901630095,45.33,Emerging Creator,50.99
4,Sony SAB,0.3162722908093278,0.3976667713623958,65028,Film & Animation,2007,19,0.0014263496012096,0.1826246527892032,25.77,Elite Creator,29.59
5,✿ Kids Diana Show,0.4470164609053498,0.3757288304681868,1070,People & Blogs,2015,11,0.0844004185786791,0.0051533958348639,28.68,Elite Creator,35.46
6,Like Nastya,0.4298696844993141,0.3738162797835456,762,People & Blogs,2016,10,0.1180028087076731,0.0040287287088854,28.68,Elite Creator,35.33
7,WWE,0.3848593964334705,0.3074488628190119,66901,Sports,2007,19,0.0011029651438053,0.187885884521762,25.53,Elite Creator,29.74
8,Vlad and Niki,0.386574074074074,0.3020161943896536,530,Entertainment,2018,8,0.1412909494460604,0.0034976898092377,25.47,Elite Creator,32.68
9,Movieclips,0.2356824417009602,0.2317577484022844,40063,Film & Animation,2006,20,0.0014685735144334,0.1068714832492108,16.83,Elite Creator,19.32
10,Colors TV,0.2421124828532236,0.2275354824655991,104523,Film & Animation,2008,18,0.0005336850271701,0.3098768914845707,19.96,Elite Creator,24.43
11,Zee Music Company,0.3818587105624142,0.2091944911795833,7768,Music,2014,12,0.0071054379746807,0.0345105394511454,20.3,Elite Creator,27.62
12,El Reino Infantil,0.2223936899862826,0.2084962543867176,1434,Music,2011,15,0.0385368571416058,0.0050641211363393,14.89,Elite Creator,18.98
13,Ryan's World,0.1315157750342935,0.2077957653650637,2321,Entertainment,2015,11,0.0237334183445945,0.0112231049573796,11.48,Stable Creator,17.88
14,netd müzik,0.0852194787379972,0.2071086396439354,22108,Music,2014,12,0.0024550227118567,0.098288578152559,10.72,Stable Creator,16.53
15,ABS-CBN Entertainment,0.1666666666666666,0.1841791538580555,187424,People & Blogs,2008,18,0.0002342842306772,0.5556817816001397,19.7,Elite Creator,24.91
16,Toys and Colors,0.149519890260631,0.1621326084732313,910,Entertainment,2016,10,0.050073121364041,0.0048186157153966,11.17,Stable Creator,17.77
17,ChuChu TV Nursery Rhymes & Kids Songs,0.2493998628257887,0.1521240542320978,546,Education,2013,13,0.0796374475994571,0.0022034492749203,14.92,Elite Creator,19.57
18,Zee TV,0.2665466392318244,0.1495651936725096,98369,Entertainment,2005,21,0.0004031252243722,0.2499631487722187,17.57,Elite Creator,20.84
19,Super Simple Songs - Kids Songs,0.1460905349794238,0.1478651354134404,667,Education,2006,20,0.0638467084316881,0.0017417923420607,10.85,Growing Creator,10.94
20,Wave Music,0.2253943758573388,0.1358857482379144,19031,Music,2014,12,0.0020733716283305,0.084603429959794,13.28,Elite Creator,19.82
21,Little Baby Bum - Nursery Rhymes & Kids Songs,0.1589506172839506,0.1338443009322587,2287,Education,2011,15,0.0173126205531212,0.0080991374271235,10.05,Growing Creator,14.25
22,Canal KondZilla,0.2686899862825789,0.1263240126495285,2393,Music,2012,14,0.0158858905732492,0.0090844630140746,13.65,Elite Creator,19.05
23,Pinkfong Baby Shark - Kids' Songs & Stories,0.2656893004115226,0.1233553472852061,2647,Education,2011,15,0.0141233363220461,0.0093800352755201,13.42,Elite Creator,18.23
24,WorkpointOfficial,0.1482338820301783,0.1164160279685949,68255,Entertainment,2012,14,0.0004940816240903,0.2601633144756706,12.59,Elite Creator,17.74
25,Маша и Медведь,0.1623799725651577,0.1153239632515132,1316,Film & Animation,2011,15,0.0271631578518438,0.0046442712860316,9.76,Growing Creator,13.78
26,HAR PAL GEO,0.1469478737997256,0.1096849719140555,84696,Entertainment,2008,18,0.0003749918943617,0.2510890173175356,12.21,Elite Creator,15.94
27,ARY Digital HD,0.1546639231824417,0.1087486971361377,92357,Entertainment,2016,10,0.0003389720117642,0.4928780554750759,16.08,Elite Creator,21.67
28,YRF,0.2078189300411522,0.1053788489542523,3528,Film & Animation,2006,20,0.0095206492169609,0.0093764772259412,10.77,Growing Creator,12.3
29,Tips Official,0.228395061728395,0.0975343846545954,4182,Music,2007,19,0.0076335424259204,0.0117090596235476,11.25,Growing Creator,13.55
30,LooLoo Kids - Nursery Rhymes and Children's Songs,0.2108196159122085,0.0968956703804043,621,Music,2014,12,0.0513840032165792,0.0027238140258314,11.35,Elite Creator,17.0
31,LankyBox,0.0839334705075445,0.0963773417791532,7307,Comedy,2016,10,0.00432132872704,0.0389598804495341,6.5,Stable Creator,13.55
32,Shemaroo Filmi Gaane,0.2584019204389575,0.0922481276779816,8535,Music,2010,16,0.0035933905096128,0.0284318341237286,12.31,Elite Creator,16.72
33,Justin Bieber,0.2884087791495199,0.0897802696475444,249,Music,2007,19,0.1222142232636724,0.000661315681127,15.24,Elite Creator,15.49
34,Get Movies,0.1760973936899862,0.0887113717667809,3193,Entertainment,2006,20,0.0094294930403657,0.0084825172692477,9.14,Growing Creator,10.51
35,Ed Sheeran,0.2112482853223594,0.0871176591437589,264,Music,2006,20,0.1131554318350178,0.0006663718568444,12.28,Elite Creator,11.7
36,BLACKPINK,0.3458504801097393,0.0867377298187105,475,People & Blogs,2016,10,0.0627080891694732,0.0024969883651778,16.0,Elite Creator,23.34
38,PewDiePie,0.4598765432098765,0.0854791439297585,4700,Gaming,2010,16,0.0062511783191016,0.0156395339971637,19.02,Elite Creator,24.36
39,Bad Bunny,0.1782407407407407,0.0843939731438523,128,Music,2014,12,0.2289610261651265,0.0005311659728469,13.36,Elite Creator,15.29
40,GMANetwork,0.1130829903978052,0.0821633201760426,128766,Entertainment,2006,20,0.0001903613705312,0.3435787370957166,11.58,Growing Creator,15.06
41,Infobells - Hindi,0.1949588477366255,0.0814469458061645,526,Education,2014,12,0.054517557165325,0.0023012956383395,10.39,Stable Creator,15.9
42,Taylor Swift,0.2026748971193415,0.0813909075115089,206,Music,2006,20,0.1392002949187696,0.0005115967001631,12.33,Elite Creator,11.18
43,Sony Music India,0.2236796982167352,0.0790376322581392,3457,Music,2009,17,0.0081205935883949,0.0108149757409787,10.52,Growing Creator,14.02
44,T-Series Bhakti Sagar,0.2331104252400548,0.0786398996581101,25114,Music,2011,15,0.0010854896125177,0.089318735164204,11.88,Elite Creator,16.89
45,DisneyMusicVEVO,0.1199417009602194,0.0762303708283132,1942,Music,2010,16,0.0141790695000728,0.0064397520547736,6.87,Growing Creator,10.32
46,قناة طيور الجنة | toyoraljanahtv,0.1105109739368998,0.0759026575177486,3191,Entertainment,2008,18,0.008594509555432,0.0094233248787298,6.46,Growing Creator,8.76
47,Ch3Thailand,0.1242283950617283,0.0752776853007575,86169,Entertainment,2014,12,0.0002843553081391,0.3832038457433019,12.36,Elite Creator,17.84
48,HYBE LABELS,0.2811213991769547,0.0736096201917417,1108,Music,2008,18,0.0243815675017756,0.0032471438180582,12.58,Elite Creator,15.39
49,SMTOWN,0.1190843621399176,0.0735624070553321,4086,Music,2006,20,0.0065846060343933,0.0108655209747022,6.67,Growing Creator,7.83
50,Sony PAL,0.1379458161865569,0.0732519693463598,22211,Film & Animation,2014,12,0.0011809421199285,0.0987466770358397,8.53,Stable Creator,14.62
51,ช่อง one31,0.1400891632373113,0.0726113447121599,106483,Entertainment,2013,13,0.0002184445051378,0.437121639549246,13.64,Elite Creator,18.94
52,Tsuriki Show,0.0625,0.0722122157546596,2299,Entertainment,2019,7,0.0116058983711151,0.0174903551441772,4.85,Stable Creator,13.55
53,SonyMusicIndiaVEVO,0.1778120713305898,0.071702118356092,3369,Music,2009,17,0.0078774416055764,0.0105387036560304,8.69,Growing Creator,11.96
54,JustinBieberVEVO,0.1199417009602194,0.0716454690660652,204,Music,2009,17,0.1305574005327618,0.0006023269644245,8.97,Growing Creator,9.46
55,Speed Records,0.1640946502057613,0.0712934099545662,10682,Music,2012,14,0.002453422126543,0.0406837554705012,8.54,Stable Creator,13.69
56,Shakira,0.1589506172839506,0.0708960822681709,308,People & Blogs,2005,21,0.0859520075934803,0.0007446489475797,9.42,Growing Creator,8.5
57,EminemMusic,0.2215363511659808,0.0698461742083783,140,Music,2007,19,0.1875637138543364,0.0003551361515761,13.61,Elite Creator,12.21
58,BabyBus - Kids Songs and Cartoons,0.1199417009602194,0.0695457466678654,1999,Education,2016,10,0.0130732574377614,0.0106306897024962,6.71,Stable Creator,13.87
59,5-Minute Crafts,0.3222736625514403,0.0675938214659578,6022,Howto & Style,2016,10,0.0042492829747407,0.032101739886244,13.87,Elite Creator,22.14
60,La Granja de Zenón,0.12980109739369,0.0675550567739469,613,Music,2013,13,0.0420277817391236,0.0024785138769798,7.45,Stable Creator,12.25
61,GMM GRAMMY OFFICIAL,0.0813614540466392,0.0664045473463116,14685,Music,2010,16,0.0017057266217703,0.0489462137269552,5.61,Growing Creator,9.22
62,Vijay Television,0.0655006858710562,0.0663183474787019,40319,Entertainment,2007,19,0.0005994235994061,0.1132174051224678,5.99,Growing Creator,8.19
63,Galinha Pintadinha,0.1237997256515775,0.0662324430604101,65,Film & Animation,2006,20,0.3923751589072728,0.0001353329571966,14.17,Elite Creator,7.57
64,GR6 EXPLODE,0.1490912208504801,0.0661034146453732,4156,Music,2014,12,0.0060971427975864,0.0184459456025048,7.6,Stable Creator,13.81
65,Katy Perry,0.1722393689986282,0.0656234518632211,120,Music,2008,18,0.2114579546358058,0.0003176829981142,12.23,Elite Creator,10.74
66,Aditya Music,0.1023662551440329,0.0642913384392871,21020,Music,2008,18,0.001160455170851,0.0622870464969307,6.47,Growing Creator,9.11
67,TaylorSwiftVEVO,0.0942215363511659,0.0642215383612325,262,Music,2009,17,0.0957117704793049,0.0007844153840495,7.15,Growing Creator,8.21
68,shakiraVEVO,0.0629286694101508,0.0618984855365798,194,Music,2009,17,0.1267634232599179,0.0005709324093168,6.6,Growing Creator,6.88
69,FGTeeV,0.0770747599451303,0.0588513728032815,1674,Gaming,2013,13,0.0142795459444915,0.0068343876498926,4.85,Stable Creator,9.94
70,1theK (원더케이),0.0886488340192044,0.0586229290837195,17842,Music,2011,15,0.0013065900473299,0.0634445986265928,5.84,Growing Creator,10.09
71,KatyPerryVEVO,0.089934842249657,0.058169628931423,173,Music,2009,17,0.1376395066921491,0.0005050038435905,7.65,Growing Creator,7.85
72,Ariana Grande,0.2082475994513031,0.0577984800272001,146,Music,2007,19,0.1625670495710363,0.0003719900706339,12.28,Elite Creator,11.32
73,Aaj Tak,0.2228223593964334,0.0573882582761433,242010,News & Politics,2009,17,6.409686035384708e-05,0.7597415062031156,20.92,Elite Creator,27.13
74,Maria Clara & JP,0.1383744855967078,0.0565430805337145,699,People & Blogs,2015,11,0.0335524830274368,0.0033533462070036,7.26,Stable Creator,13.52
75,Genevieve's Playhouse - Learning Videos for Kids,0.121656378600823,0.0561468480609099,595,Education,2016,10,0.0392834886843332,0.0031374372893761,6.78,Stable Creator,13.46
76,MrBeast,0.5627572016460906,0.0557640412021632,735,Entertainment,2012,14,0.0316854011784195,0.0027638420835938,22.04,Elite Creator,28.6
77,Shemaroo,0.1760973936899862,0.0555077387361848,10873,Entertainment,2007,19,0.0021055839309328,0.0305039883595599,8.33,Growing Creator,10.59
78,shfa2 - شفا,0.1478052126200274,0.0551967784145741,1497,People & Blogs,2017,9,0.0154604516640333,0.0088392117395304,7.27,Stable Creator,15.15
79,TheEllenShow,0.1482338820301783,0.0545790790268215,15189,Entertainment,2006,20,0.0014849079082218,0.0404942893304259,7.46,Growing Creator,9.07
80,SSSniperWolf,0.1268004115226337,0.0545262772378335,3224,Gaming,2013,13,0.0071171619303742,0.0131978224736577,6.41,Stable Creator,11.89
81,Ozuna,0.1379458161865569,0.0541578724985061,164,Music,2016,10,0.1400700943131773,0.0008371582366306,9.27,Stable Creator,14.03
82,J Balvin,0.1293724279835391,0.0537595303462484,134,Music,2011,15,0.1708138367885111,0.0004386566837961,9.56,Growing Creator,10.54
83,Masha and The Bear,0.1520919067215363,0.0535726967668502,1063,Film & Animation,2014,12,0.0214662842253808,0.0046896364181623,7.43,Stable Creator,13.38
84,CookieSwirlC,0.0667866941015089,0.0535066788583791,3683,Entertainment,2013,13,0.006167984768219,0.0150822202698565,4.29,Stable Creator,9.49
85,Peppa Pig - Official Channel,0.1139403292181069,0.0521222944147763,2645,Film & Animation,2013,13,0.0084920933532442,0.0108207716588448,5.88,Stable Creator,11.27
86,Goldmines,0.3385631001371742,0.0520613399573646,5350,Film & Animation,2012,14,0.0041790310079612,0.0203571265191601,13.8,Elite Creator,19.79
87,Daddy Yankee,0.145233196159122,0.0512259785829962,476,Music,2011,15,0.0469470226151418,0.0016555096397728,7.58,Growing Creator,11.12
88,Sesame Street,0.0830761316872428,0.0509975358921608,3564,Entertainment,2006,20,0.0062275642468238,0.0094725445645709,4.7,Growing Creator,5.68
89,Maroon 5,0.1400891632373113,0.0508970149843932,163,Music,2006,20,0.1367386290399748,0.0003968496012443,9.17,Growing Creator,7.76
90,Nick Jr.,0.098079561042524,0.0503886340918051,5145,Film & Animation,2012,14,0.0042787734431374,0.019575626343799,5.32,Stable Creator,10.11
91,Little Angel: Nursery Rhymes & Kids Songs,0.1109396433470507,0.0502742365245377,1232,Education,2015,11,0.0179561400138563,0.0059394013327437,5.84,Stable Creator,12.27
92,etvteluguindia,0.0642146776406035,0.0501098522958145,120122,Entertainment,2010,16,0.00015057890545,0.4006494075847451,9.76,Growing Creator,14.15
93,LUCCAS NETO - LUCCAS TOON,0.1503772290809328,0.049886026812946,2067,People & Blogs,2014,12,0.0106495140754373,0.0091549886396559,7.11,Stable Creator,13.26
94,LeoNata Family,0.0534979423868312,0.0496066755265602,1871,People & Blogs,2021,5,0.0117373686680522,0.0199332103264764,3.89,Stable Creator,13.74
95,The Weeknd,0.1173696844993141,0.0494606527569706,131,Music,2011,15,0.1678516237316586,0.0004279825350594,8.96,Growing Creator,9.94
96,Rihanna,0.1606652949245542,0.0492268569188266,82,Entertainment,2005,21,0.2675760019371163,0.0001702780869892,12.45,Elite Creator,7.91
98,Bollywood Classics,0.1268004115226337,0.0463309112904192,1970,Music,2012,14,0.010797477549293,0.0074719041156467,6.16,Stable Creator,10.95
99,HUM TV,0.0929355281207133,0.0460785379069155,89867,Entertainment,2011,15,0.0002032018008825,0.3197131195453829,9.43,Growing Creator,14.05
100,Spinnin' Records,0.1122256515775034,0.0457927193427611,11110,Music,2007,19,0.0018767592484496,0.0311697181623449,5.81,Growing Creator,7.75
101,A4,0.1743827160493827,0.0454556095357476,722,Gaming,2014,12,0.0292654359426834,0.0031730177851649,8.1,Stable Creator,14.0
102,Inside Edition,0.0333504801097393,0.0451627736370996,29223,News & Politics,2012,14,0.0006881384139234,0.1113656810869333,4.21,Stable Creator,8.75
103,Maluma,0.1083676268861454,0.0447241939536778,21,Music,2018,8,1.0000000000000002,0.0001019762423946,25.14,Elite Creator,13.8
104,shfa,0.1443758573388203,0.0443381191229044,936,People & Blogs,2015,11,0.022316599348082,0.0045032431390869,6.9,Stable Creator,13.41
105,Alan Chikin Chow,0.0659293552812071,0.0436878815013647,702,Comedy,2020,6,0.0295726322241733,0.0062062550511596,4.3,Stable Creator,13.36
106,jbalvinVEVO,0.0406378600823045,0.0436006029236699,235,Music,2010,16,0.0883294220929081,0.0007457608380731,4.51,Growing Creator,6.07
107,T-Series Apna Punjab,0.1289437585733882,0.0433836459073357,7272,Music,2011,15,0.0028156249530863,0.0258360145778374,6.26,Growing Creator,10.63
108,Bounce Patrol - Kids Songs,0.101937585733882,0.0433093628579528,238,Music,2013,13,0.0869592436857549,0.0009389731938108,6.62,Stable Creator,10.39
109,Voot Kids,0.1683813443072702,0.0420842325880579,4064,Entertainment,2016,10,0.0049977676288449,0.0216517482730752,7.58,Stable Creator,15.11
110,Disney Latinoamérica,0.0749314128943758,0.0420107561042451,7985,Entertainment,2007,19,0.0025251878204308,0.0223916353197148,4.27,Growing Creator,5.97
111,WORLDSTARHIPHOP,0.0967935528120713,0.0419820917722304,6737,Music,2008,18,0.0029983085693645,0.0199373613843184,5.01,Growing Creator,7.4
112,StarPlus,0.0985082304526749,0.041890732333439,28853,Entertainment,2006,20,0.0006736367399741,0.0769571814147821,5.87,Growing Creator,7.49
113,LEGO,0.0513545953360768,0.0414399857293284,29807,Entertainment,2005,21,0.0006478316306771,0.075715295038554,4.19,Growing Creator,5.02
114,EminemVEVO,0.0903635116598079,0.041090467177732,104,Music,2009,17,0.1945765479521243,0.0002883814133469,8.29,Growing Creator,7.35
115,DONA 도나,0.1126543209876543,0.0409189832530021,163,Entertainment,2018,8,0.1239144241074916,0.0010493069427713,7.66,Stable Creator,13.87
116,Markiplier,0.1319444444444444,0.0404073637485383,5422,Gaming,2012,14,0.0036728046251467,0.0206316046295307,6.21,Stable Creator,11.18
117,ArianaGrandeVevo,0.0603566529492455,0.0402854880552475,177,Music,2010,16,0.1133608260771036,0.0005522918922215,5.6,Growing Creator,6.76
118,BANGTANTV,0.2999828532235939,0.0399926491386762,2122,Music,2012,14,0.0093958927738906,0.0080513579042071,12.01,Elite Creator,17.7
119,Maroon5VEVO,0.0462105624142661,0.0398731894416051,143,Music,2009,17,0.1397177317484704,0.0004108201782672,5.61,Growing Creator,5.55
120,CVS 3D Rhymes & Kids Songs,0.121656378600823,0.0395905926640389,338,Education,2008,18,0.0589167837894796,0.0009640620049439,6.64,Growing Creator,7.95
121,GRAMMY GOLD OFFICIAL,0.0616426611796982,0.0388646952253306,6012,Music,2014,12,0.0032553088768763,0.0267006206255051,3.79,Stable Creator,9.6
122,Like Nastya Show,0.1649519890260631,0.0382787328883268,577,Entertainment,2017,9,0.0340225385585176,0.0033835357185819,7.65,Stable Creator,15.28
123,Badabun,0.1833847736625514,0.0378703274589871,17002,Entertainment,2014,12,0.0011170966623271,0.0755793267153611,8.71,Stable Creator,15.08
124,DanTDM,0.0972222222222222,0.0373589503976036,3642,Gaming,2012,14,0.0053089518547321,0.0138458957898107,4.84,Stable Creator,9.59
125,SMOL,0.0603566529492455,0.036737571610547,3008,People & Blogs,2021,5,0.0063917407008827,0.0320697174400341,3.82,Stable Creator,13.69
126,RihannaVEVO,0.0920781893004115,0.0366312880491332,118,Music,2009,17,0.1635704688172879,0.0003323337904978,7.6,Growing Creator,7.29
127,JYP Entertainment,0.0976508916323731,0.0359932498969984,1602,Music,2008,18,0.0119336610877426,0.0047118742280303,4.81,Growing Creator,6.95
128,Bruno Mars,0.1392318244170096,0.0351013316814879,99,Music,2006,20,0.1917316835203371,0.000226063221458,9.76,Growing Creator,7.25
129,MalumaVEVO,0.0444958847736625,0.0349220750736299,178,Music,2011,15,0.1064113799788954,0.0005952108652668,4.74,Growing Creator,6.59
130,Rotana,0.0745027434842249,0.0328565778454,8257,Music,2012,14,0.0022086377291349,0.031439180225377,4.11,Stable Creator,8.82
131,Sun TV,0.0745027434842249,0.0327239222572195,48263,People & Blogs,2016,10,0.0003493991779107,0.2575450982784123,7.46,Stable Creator,13.63
132,BuzzFeedVideo,0.0706447187928669,0.0315573691890945,7493,People & Blogs,2011,15,0.0024009404435471,0.0266223435347697,3.87,Growing Creator,7.96
133,Marília Mendonça,0.0942215363511659,0.031449990223946,120,Music,2013,13,0.1517982772571526,0.0004545310588403,7.28,Stable Creator,9.72
134,ZEE5,0.0440672153635116,0.0300818778566542,93640,Entertainment,2018,8,0.0001578704481083,0.6246664328519801,11.82,Stable Creator,16.21
135,Eros Now Music,0.121656378600823,0.0294480333160067,9884,Entertainment,2007,19,0.0017672919969007,0.0277259007015243,5.59,Growing Creator,7.57
136,Like Nastya ESP,0.1388031550068587,0.0294093178663614,695,Entertainment,2017,9,0.0255668186964615,0.0040832854690949,6.31,Stable Creator,13.97
138,PowerKids TV,0.1285150891632373,0.0284873783406309,4210,Film & Animation,2014,12,0.0041466855463796,0.0186861139490792,5.72,Stable Creator,11.86
139,infobells - Tamil,0.1032235939643347,0.0282085158164137,505,Education,2014,12,0.0347005331013216,0.0022078968368939,5.19,Stable Creator,10.63
140,Enrique Iglesias,0.0847908093278463,0.0280162170998913,434,Music,2007,19,0.0402900281522038,0.0011809781854107,4.63,Growing Creator,5.51
141,mmoshaya,0.0796467764060356,0.0277758944445956,1169,People & Blogs,2010,16,0.0148937545514528,0.0038612780005794,3.98,Growing Creator,7.21
142,David Guetta,0.0916495198902606,0.0273370421193597,707,Music,2009,17,0.0245182522944988,0.0021814730863448,4.55,Growing Creator,7.03
143,Marta and Rustam,0.0530692729766803,0.0271171703889036,606,Comedy,2021,5,0.0285342248012821,0.006430412174629,3.34,Stable Creator,12.97
144,Ultra Records,0.1092249657064471,0.0264094961065385,4762,Music,2006,20,0.0035706993622938,0.0126694521111941,4.88,Growing Creator,6.06
145,The Tonight Show Starring Jimmy Fallon,0.1156550068587105,0.0263820718142997,8627,Comedy,2006,20,0.0019552450569321,0.0229833483279708,5.22,Growing Creator,6.54
146,SonyMusicSouthVEVO,0.0586419753086419,0.0262649710313081,5462,Music,2014,12,0.0031032302772592,0.0242544615400255,3.27,Stable Creator,9.07
147,Beyoncé,0.093792866941015,0.0260511595782807,238,Music,2005,21,0.0717680536635364,0.0005667464686357,5.51,Growing Creator,4.55
148,MBCentertainment,0.0223336762688614,0.0258539430218365,95914,Entertainment,2009,17,0.0001440953023472,0.3010796139007914,6.08,Growing Creator,9.72
149,That Little Puff,0.0650720164609053,0.025328611185985,672,Pets & Animals,2020,6,0.025170872134938,0.0059394013327437,3.63,Stable Creator,12.78
150,Ishtar Music,0.1546639231824417,0.0249363765155702,4589,Film & Animation,2005,21,0.0036393287369248,0.011624656266996,6.41,Growing Creator,7.2
151,Coldplay,0.0890775034293552,0.0242650366877142,372,Music,2010,16,0.0448981326916908,0.0012027478308604,4.76,Growing Creator,7.44
152,Romeo Santos,0.0715020576131687,0.0239934378122035,54,Music,2005,21,0.3084426842359,9.911709541164092e-05,9.39,Growing Creator,3.58
153,TheWeekndVEVO,0.0290637860082304,0.0232632651074398,136,Music,2011,15,0.1213248452422221,0.0004457727829538,4.15,Growing Creator,5.62
154,Felipe Neto,0.1765260631001372,0.0232418505338841,4018,Entertainment,2006,20,0.0040729454424716,0.0106840604461794,7.12,Growing Creator,8.61
155,Wow Kidz,0.1139403292181069,0.0231280218378258,3843,Film & Animation,2015,11,0.0042537433275037,0.0186076751288175,5.05,Stable Creator,11.72
156,WatchMojo.com,0.0912208504801097,0.0230029146459871,23791,Music,2007,19,0.0006578049402722,0.0667904760911106,4.9,Growing Creator,6.96
157,Jkk Entertainment,0.1422325102880658,0.02257729317394,209,Comedy,2017,9,0.0782488782993019,0.0012012653102026,7.24,Stable Creator,13.88
158,KAROL G,0.1092249657064471,0.0224589242050165,125,Music,2013,13,0.1306563504512539,0.0004750582679492,7.12,Stable Creator,10.05
159,Mother Goose Club Playhouse,0.0607853223593964,0.0221822302024416,1369,Film & Animation,2009,17,0.0118569958481592,0.0042597926344785,3.09,Growing Creator,5.68
160,jacksepticeye,0.1083676268861454,0.022093419665502,5060,Gaming,2007,19,0.0031797331335662,0.014175349779013,4.73,Growing Creator,6.54
161,ImagineDragons,0.1126543209876543,0.0216794667814044,87,Music,2009,17,0.1858624132203466,0.0002350106696638,8.31,Growing Creator,7.66
162,Worldwide Records Bhojpuri,0.1156550068587105,0.0215990919297279,6270,Music,2012,14,0.0025430915252255,0.0238643468183412,5.1,Stable Creator,10.01
163,Goldmines Gaane Sune Ansune,0.141375171467764,0.0215208168505256,3439,Music,2015,11,0.0046595015738836,0.0166475132699076,5.94,Stable Creator,12.75
164,Aphmau,0.0517832647462277,0.0215004443965646,4231,Gaming,2012,14,0.0037799843042834,0.0160912792204821,2.77,Stable Creator,7.34
165,A.O.D,0.0997942386831275,0.0213457462776562,2475,Entertainment,2014,12,0.0064726385263705,0.0109695939248844,4.43,Stable Creator,10.4
166,Koray Zeynep,0.0410665294924554,0.0212596279476032,10475,People & Blogs,2016,10,0.0015019192050468,0.0558677320483691,2.94,Stable Creator,9.76
167,Come Play With Me,0.0410665294924554,0.0211620542100394,391,Entertainment,2014,12,0.0410521933059639,0.0017008747719036,2.92,Stable Creator,7.92
168,Dude Perfect,0.236539780521262,0.020278430822249,368,Sports,2009,17,0.0431170295476528,0.0011171976681918,9.77,Growing Creator,12.59
169,NickyJamTV,0.0843621399176954,0.0201707056345161,363,Music,2012,14,0.043649220992644,0.0013457051800118,4.45,Stable Creator,8.37
170,Fischer's-フィッシャーズ-,0.0178755144032921,0.0201050127549104,3038,Entertainment,2012,14,0.0051813406110859,0.0115433294194787,1.51,Stable Creator,5.87
171,Calvin Harris,0.0642146776406035,0.0200962085173565,77,Music,2007,19,0.2056971695165073,0.0001781700014686,6.97,Growing Creator,4.43
172,Ultra Bollywood,0.1366598079561042,0.02007153093989,8911,Film & Animation,2009,17,0.0017434989933315,0.0279375660967508,5.84,Growing Creator,9.08
173,Mundo Bita,0.034636488340192,0.0197660542529812,201,Music,2011,15,0.078434551568412,0.000677046005581,3.38,Growing Creator,5.74
174,IGN,0.0577846364883401,0.0197656362194261,153181,Gaming,2006,20,6.932136973676528e-05,0.4087310724469724,8.75,Growing Creator,12.39
175,Mikecrack,0.1422325102880658,0.0191102182132731,1815,Gaming,2015,11,0.0085805248450852,0.0087680507479528,5.85,Stable Creator,12.62
176,VanossGaming,0.0946502057613168,0.0190416887637668,1685,Gaming,2011,15,0.0092365990992614,0.0059571915806381,4.16,Growing Creator,8.2
177,Mister Max,0.0847908093278463,0.0189470761110319,1077,People & Blogs,2014,12,0.0144515347379552,0.0047519022857927,3.9,Stable Creator,9.65
178,VEGETTA777,0.1280864197530864,0.0187874633748951,7395,Gaming,2008,18,0.0020714422237976,0.0218883585700707,5.42,Growing Creator,7.99
179,toyorbabytv,0.0757887517146776,0.0187444310713352,1108,Music,2012,14,0.0140079485004877,0.0041857911831531,3.56,Stable Creator,8.03
180,Mazhavil Manorama,0.0457818930041152,0.0187234558713181,80390,Entertainment,2011,15,0.0001598359775368,0.2859934836863427,6.46,Growing Creator,10.79
181,EnriqueIglesiasVEVO,0.0393518518518518,0.0181043953563253,136,Music,2009,17,0.1133781084653186,0.0003888439896918,4.19,Growing Creator,4.62
182,IndiaTV,0.1306584362139917,0.0178886243594294,257886,News & Politics,2006,20,2.599216553170246e-05,0.6881402583143994,15.43,Elite Creator,21.31
183,Family Fun Pack,0.0273491083676268,0.0176978730379269,2398,People & Blogs,2011,15,0.0063628692395778,0.0084940809303791,1.74,Growing Creator,5.51
184,Zee News,0.1087962962962963,0.0176691749822051,163510,News & Politics,2007,19,6.013107283071701e-05,0.4592592622317317,11.23,Growing Creator,15.59
185,Lady Gaga,0.0817901234567901,0.0175554764371317,172,People & Blogs,2008,18,0.0889721860625025,0.0004718651465323,5.18,Growing Creator,5.68
186,MoniLina,0.030778463648834,0.0174189193665787,746,Comedy,2021,5,0.0204494605238244,0.0079247929977584,2.13,Stable Creator,11.8
187,dednahype,0.046639231824417,0.0173572321388884,1381,Comedy,2020,6,0.0110217319202706,0.0122460442113074,2.56,Stable Creator,11.84
188,Luis Fonsi,0.1182270233196159,0.0170055146670212,146,Entertainment,2014,12,0.104033401241786,0.0006112220883717,6.74,Stable Creator,10.87
189,toycantando,0.0985082304526749,0.0169879334897356,536,Music,2009,17,0.0283061064717446,0.0016446261940022,4.55,Growing Creator,6.98
190,El Payaso Plim Plim,0.0530692729766803,0.0168752110453588,1133,Film & Animation,2013,13,0.0133524925703108,0.0046133436243075,2.7,Stable Creator,7.69
191,Chris Brown,0.089934842249657,0.0167451204237425,25,Music,2006,20,0.6055358409101271,2.8591469830281035e-05,15.76,Elite Creator,4.73
192,Dushyant kukreja,0.0809327846364883,0.0163521085040293,763,Entertainment,2015,11,0.0197001760788452,0.003663866897524,3.77,Stable Creator,10.02
193,Dan Rhodes,0.0727880658436214,0.0163197379185572,1579,Entertainment,2015,11,0.0094977840881846,0.0076230057016589,3.34,Stable Creator,9.74
194,Talking Tom,0.1100823045267489,0.0159975567147339,481,Comedy,2010,16,0.0311152694915774,0.0015663360222022,4.98,Growing Creator,8.04
195,KBS WORLD TV,0.0642146776406035,0.015821540200898,61744,Entertainment,2007,19,0.0002084180696188,0.17339994109154,5.33,Growing Creator,7.86
196,Jelly,0.0839334705075445,0.0154173269594049,5902,Gaming,2014,12,0.0024843301752801,0.0262113888084091,3.84,Stable Creator,9.79
197,PopularMMOs,0.0577846364883401,0.0153440787748999,4685,Gaming,2012,14,0.0031351363494271,0.0178220161942085,2.81,Stable Creator,7.42
198,Disney Junior,0.046639231824417,0.0147175502066288,3718,Entertainment,2008,18,0.0039239889932063,0.010985901652121,2.32,Growing Creator,4.4
199,Miss Katy,0.0839334705075445,0.0145216950358254,1021,People & Blogs,2014,12,0.0143379948047511,0.0045028388152711,3.73,Stable Creator,9.48
200,Drake,0.1023662551440329,0.0144731920517186,58,Music,2009,17,0.2527815300184138,0.0001439664598512,9.07,Growing Creator,7.03
201,Sagawa /さがわ,0.0569272976680384,0.0144327872964064,4913,Entertainment,2021,5,0.0029492230096726,0.05240397078333,3.27,Stable Creator,12.99
202,LuisFonsiVEVO,0.0569272976680384,0.0142412498766062,96,Music,2009,17,0.1522027049680643,0.0002632657692607,5.47,Growing Creator,5.21
203,Saturday Night Live,0.0414951989026063,0.014138991127751,8226,Entertainment,2013,13,0.0017403997343201,0.033733242466221,2.42,Stable Creator,7.56
204,Raffy Tulfo in Action,0.0942215363511659,0.0141304265981322,9494,News & Politics,2016,10,0.0015032732292933,0.050632062093048,4.51,Stable Creator,11.62
205,JuegaGerman,0.1872427983539094,0.0139585422793402,2024,Gaming,2013,13,0.0071577926375641,0.0082712922875169,7.24,Stable Creator,13.02
206,Tlnovelas,0.0732167352537723,0.0135856731393943,35232,News & Politics,2013,13,0.0003772728589586,0.1446048043053182,5.15,Stable Creator,10.37
207,Mnet K-POP,0.0706447187928669,0.0135707538873782,31339,Entertainment,2006,20,0.000428217870602,0.0835911648546028,4.14,Growing Creator,5.67
208,Rajshri,0.1220850480109739,0.0135699586914315,3863,Music,2006,20,0.0037132018081553,0.0102704371826346,4.91,Growing Creator,6.14
209,Blippi - Educational Videos for Kids,0.058213305898491,0.0134298008045891,591,Education,2014,12,0.0244074663211329,0.0025903871666234,2.97,Stable Creator,8.39
210,Marshmello,0.224537037037037,0.0133958171708599,410,Entertainment,2015,11,0.035179957047658,0.0019511512138725,8.99,Stable Creator,15.66
211,Genierock,0.0479252400548696,0.0132758721439593,1623,Music,2008,18,0.0088464860680183,0.0047741400956607,2.32,Growing Creator,4.28
212,infobells - Telugu,0.0997942386831275,0.0129306511247434,460,Education,2014,12,0.0311405444403277,0.0020077565480819,4.53,Stable Creator,10.03
213,CalvinHarrisVEVO,0.034636488340192,0.0128513328777178,174,Music,2009,17,0.0822853751352181,0.0005081432991013,3.25,Growing Creator,4.28
214,Saregama Music,0.1233710562414266,0.0122976986607402,6796,Entertainment,2013,13,0.0020569298154208,0.0278624606610699,5.15,Stable Creator,10.7
215,The Chainsmokers,0.0805041152263374,0.0119576733692787,166,Music,2012,14,0.0851247434996416,0.0005947025724698,4.89,Stable Creator,7.96
216,Fox News,0.0282064471879286,0.0119386650604811,89842,News & Politics,2006,20,0.0001236598993638,0.2397085957394898,4.94,Growing Creator,7.31
217,Trap Nation,0.1147976680384087,0.0118827564877681,2626,Music,2012,14,0.0053435847712363,0.009972704676802,4.63,Stable Creator,9.47
218,Asianet,0.0217764060356652,0.0118771190559948,109018,Entertainment,2008,18,9.587262379969954e-05,0.3232047521987899,5.97,Growing Creator,9.41
219,Shorts Break,0.0693587105624142,0.0116663888537946,371,Comedy,2021,5,0.0379050896144788,0.003921987221519,3.59,Stable Creator,13.14
220,BeyoncéVEVO,0.0389231824417009,0.011648207704602,168,Music,2009,17,0.0837250517897576,0.0004893065660366,3.39,Growing Creator,4.42
221,Henrique e Juliano,0.0496399176954732,0.0115948697247591,315,Music,2009,17,0.044602188289805,0.0009508065261207,2.99,Growing Creator,4.85
222,Michael Jackson,0.1010802469135802,0.0110820951845435,15,Music,2005,21,0.930157220347453,0.0,22.47,Elite Creator,4.38
223,Thairath Online,0.0509259259259259,0.0109531871987811,230046,News & Politics,2010,16,2.6893181423425824e-05,0.76731975937419,13.62,Elite Creator,18.8
224,Tarang TV,0.0141460905349794,0.0109399854375918,44772,Entertainment,2012,14,0.0002773357400173,0.1706415163390719,3.39,Stable Creator,7.86
225,Post Malone,0.0907921810699588,0.0107321729235574,64,Music,2011,15,0.2168344214019226,0.0001895932132745,7.84,Growing Creator,7.71
226,ZutiGang,0.0372085048010973,0.0105276735333861,1135,People & Blogs,2021,5,0.0121572959687089,0.0120770368563107,2.04,Stable Creator,11.87
227,Adele,0.1109396433470507,0.0104836326437949,15,Music,2008,18,0.9217989024266864,6.353659962284676e-06,22.63,Elite Creator,6.63
228,Turma da Mônica,0.0637860082304526,0.0104597617099062,1135,Film & Animation,2012,14,0.0121447610158973,0.0042887204745421,2.85,Stable Creator,7.31
229,TRANS7 OFFICIAL,0.0890775034293552,0.0104414919927124,84587,Entertainment,2014,12,0.0001297243197756,0.376167802701068,9.08,Stable Creator,14.39
230,KarolGVEVO,0.0,0.010357566225302,66,Music,2016,10,0.2090735991514756,0.0003141249485353,4.5,Stable Creator,7.19
231,RomeoSantosVEVO,0.0218621399176954,0.0099866983145936,209,Music,2011,15,0.0656284778196549,0.000705510402212,2.39,Growing Creator,4.94
232,Zhong,0.0856481481481481,0.0098429546718248,1315,Entertainment,2015,11,0.0103794907702855,0.0063421078532623,3.6,Stable Creator,10.05
233,7clouds,0.0637860082304526,0.0098364675313436,2227,Music,2013,13,0.0061144992869893,0.0091046969773391,2.79,Stable Creator,7.97
234,Boram Tube Vlog [보람튜브 브이로그],0.1126543209876543,0.0097020445907846,223,Entertainment,2012,14,0.0612387776355839,0.0008119977431799,5.47,Stable Creator,9.18
235,CNN,0.0474965706447187,0.0096730325247861,158144,News & Politics,2005,21,5.2720332546760254e-05,0.4018791584704453,7.98,Growing Creator,11.34
236,Anuel AA,0.086076817558299,0.0096569091652945,138,Music,2016,10,0.0989105169595146,0.0006983943030543,5.29,Stable Creator,10.61
237,And TV,0.0564986282578875,0.0096366624110037,29039,Entertainment,2015,11,0.0004364173935517,0.1408557894780618,4.39,Stable Creator,10.48
238,ChrisBrownVEVO,0.0350651577503429,0.0094086185248233,297,Music,2009,17,0.0457652750382409,0.0008942963269267,2.44,Growing Creator,4.2
239,ImagineDragonsVEVO,0.025505829903978,0.0090836364006217,194,Music,2012,14,0.0697302564454343,0.0007014440598362,2.57,Stable Creator,5.68
240,One Direction,0.1465192043895747,0.0089412950292836,157,Music,2010,16,0.0859814950914087,0.0004855784626176,7.12,Growing Creator,9.26
241,ViralHog,0.0237054183813443,0.0088176115414933,37537,People & Blogs,2014,12,0.00032542954437,0.1669100118432221,3.6,Stable Creator,9.01
242,mujjuu___14,0.0736454046639231,0.0087221670243135,769,People & Blogs,2020,6,0.0174676199038705,0.0068022283556219,3.29,Stable Creator,12.63
243,Gusttavo Lima Oficial,0.0685013717421124,0.0084121003882561,352,Music,2010,16,0.0380161109344448,0.0011360344012564,3.43,Growing Creator,6.14
244,Fueled By Ramen,0.0470679012345679,0.0081440594345464,1203,Music,2006,20,0.0110531077312458,0.0031721282727702,2.16,Growing Creator,2.82
245,REACT,0.0697873799725651,0.0081343625645433,4089,Entertainment,2007,19,0.0032276269462097,0.0114478238781509,2.92,Growing Creator,4.52
246,Wiz Khalifa,0.1002229080932784,0.0081161291111826,625,Music,2008,18,0.0212967717960742,0.0018150288625593,4.2,Growing Creator,6.16
247,SSundee,0.0775034293552812,0.0081133996946195,3219,Gaming,2009,17,0.004107686685262,0.010067785329414,3.19,Growing Creator,6.03
248,Yoeslan,0.0487825788751714,0.0079061984197305,445,Entertainment,2020,6,0.0298259742405011,0.0039202081967296,2.6,Stable Creator,11.59
249,SportsNation,0.0248628257887517,0.0077721880668134,3337,Sports,2009,17,0.003939823687174,0.0104382410796856,1.34,Growing Creator,3.92
250,Rotten Tomatoes Trailers,0.0513545953360768,0.0077690442343027,10037,Film & Animation,2011,15,0.0012873500229,0.035674021663439,2.59,Growing Creator,6.62
251,LadyGagaVEVO,0.0225480109739369,0.0077612811022433,204,Music,2009,17,0.0649524844113521,0.0006023269644245,2.33,Growing Creator,3.65
252,Billie Eilish,0.1872427983539094,0.0077403044590836,51,Music,2013,13,0.2598246967920605,0.0001712555731372,11.98,Elite Creator,12.72
253,GMA Public Affairs,0.0723593964334705,0.0077127598643329,42560,Entertainment,2009,17,0.0002776128950541,0.133577104578851,4.77,Growing Creator,8.09
255,Sia,0.0796467764060356,0.0074948417052802,169,Music,2007,19,0.0780808676237334,0.0004365967603557,4.58,Growing Creator,4.67
256,RCTI - LAYAR DRAMA INDONESIA,0.0530692729766803,0.0074053954689035,66131,Entertainment,2015,11,0.0001656989905285,0.3208219371777828,6.9,Stable Creator,12.42
257,ETV Jabardasth,0.042352537722908,0.0073899054442404,8662,People & Blogs,2015,11,0.0014878737272141,0.0419889127478447,2.36,Stable Creator,8.67
258,Jimmy Kimmel Live,0.0655006858710562,0.0073874258961163,6419,Entertainment,2006,20,0.0020194581077919,0.0170912182253465,2.81,Growing Creator,3.84
259,Junya.じゅんや,0.0762174211248285,0.0073437516281252,4311,Entertainment,2020,6,0.0030212640282322,0.0383087573765992,3.52,Stable Creator,12.89
260,rezendeevil,0.1199417009602194,0.0073242551568433,11800,Gaming,2012,14,0.001082088177651,0.0449457905732017,5.11,Stable Creator,10.07
261,Sony AATH,0.0629286694101508,0.0066824205743409,16954,Film & Animation,2013,13,0.0007349763518104,0.0695655386867512,3.46,Stable Creator,8.7
262,BabyBus - Canciones Infantiles & Videos para Niños,0.0796467764060356,0.006278798158351,1122,Education,2018,8,0.0115052149063509,0.0074471248417938,3.32,Stable Creator,11.56
263,Kids TV - Nursery Rhymes And Baby Songs,0.0757887517146776,0.0060610362536125,3634,Film & Animation,2013,13,0.0035164344108668,0.0148810536205891,3.13,Stable Creator,8.42
264,Linkin Park,0.0697873799725651,0.0060397086196471,598,Music,2006,20,0.0215324272294708,0.0015576632763537,3.08,Growing Creator,3.63
265,Wave Music Bhojpuri,0.0805041152263374,0.0059659583239045,22118,Music,2014,12,0.0005487370972076,0.098333053772295,4.48,Stable Creator,10.3
266,Beam Copphone,0.0166752400548696,0.0055599029742714,2737,Entertainment,2012,14,0.0046415471870702,0.0103958584302901,1.0,Stable Creator,5.37
267,DisneyChannelUK,0.0372085048010973,0.0052518882822125,4382,Music,2007,19,0.0028717586105267,0.0122708569254759,1.7,Growing Creator,3.15
268,Shawn Mendes,0.1117969821673525,0.0048689143504576,133,Music,2011,15,0.0950884188393776,0.0004350986342172,5.97,Growing Creator,8.37
269,Alan Walker,0.1679526748971193,0.0048197780022694,366,Music,2012,14,0.0345044462600188,0.001357141767944,6.73,Stable Creator,11.26
270,ABC News,0.0444958847736625,0.004808156750372,77308,News & Politics,2006,20,0.000129840589811,0.2062611506732338,4.8,Growing Creator,7.02
271,Selena Gomez,0.1233710562414266,0.004797173143229,188,Film & Animation,2008,18,0.0671802127281054,0.000519305807584,5.81,Growing Creator,6.96
272,Masha y el Oso,0.0967935528120713,0.0047750877228882,963,Film & Animation,2016,10,0.01308326139858,0.0051014806569176,3.87,Stable Creator,10.94
273,Geet MP3,0.1289437585733882,0.004575598606897,630,Music,2016,10,0.0199501453334722,0.0033242348922673,5.1,Stable Creator,12.21
274,YoungBoy Never Broke Again,0.0363511659807956,0.0045411936486626,590,Entertainment,2015,11,0.0212927619969165,0.002824490655961,1.88,Stable Creator,7.87
275,XO TEAM,0.0372085048010973,0.0037734299363576,2786,People & Blogs,2021,5,0.0044249854448517,0.0297000564205004,1.95,Stable Creator,11.76
276,Atlantic Records,0.042352537722908,0.0034595191292154,1544,Music,2006,20,0.0079689313733782,0.0040820994525686,1.81,Growing Creator,2.51
277,AMARINTV : อมรินทร์ทีวี,0.0556412894375857,0.0033660384804565,104717,Entertainment,2014,12,8.416502355205482e-05,0.4656972252296212,9.04,Stable Creator,14.01
278,Pitbull,0.0530692729766803,0.0033359143609532,335,Music,2006,20,0.0367725628868102,0.0008558379969197,2.71,Growing Creator,2.87
279,CKN,0.0637860082304526,0.0031339971916759,474,Entertainment,2015,11,0.0258899404025043,0.0022616719043928,2.88,Stable Creator,8.92
280,Indosiar,0.0843621399176954,0.0030864148594119,65623,Music,2013,13,0.0001534542189892,0.269373286711154,7.09,Stable Creator,12.26
281,AdeleVEVO,0.0487825788751714,0.0030778137880574,52,Music,2009,17,0.2360434329061168,0.0001251297267866,6.52,Growing Creator,4.55
282,Topper Guild,0.0440672153635116,0.0029723651723929,644,Comedy,2014,12,0.0189941794457195,0.0028261079512242,2.05,Stable Creator,7.51
283,東海オンエア,0.0133316186556927,0.0027807241291039,2657,Comedy,2013,13,0.0045631850161044,0.0108700369607062,0.8,Stable Creator,5.77
284,Like Nastya AE,0.0852194787379972,0.0027644083684766,615,Entertainment,2018,8,0.0198205875074288,0.0040647539608716,3.52,Stable Creator,11.65
285,Kaji Family,0.0227194787379972,0.0027240472584769,977,Entertainment,2016,10,0.0124555040958901,0.005176199698074,1.2,Stable Creator,7.92
286,As/Is,0.0286351165980795,0.0025428250806549,4824,People & Blogs,2013,13,0.0024879025595663,0.019766529388512,1.42,Stable Creator,6.5
287,OneDirectionVEVO,0.0779320987654321,0.0024656485840013,266,Music,2010,16,0.0456346381042348,0.0008491666539593,3.73,Growing Creator,6.33
288,NichLmao,0.0783607681755829,0.0022164882941018,751,People & Blogs,2018,8,0.0160723031019138,0.0049720566034858,3.21,Stable Creator,11.37
289,ABP NEWS,0.1362311385459533,0.0022081098713718,262326,People & Blogs,2012,14,1.2460296738469631e-05,1.0,19.83,Elite Creator,25.07
290,GMMTV OFFICIAL​​,0.0517832647462277,0.0021987742745654,22174,Entertainment,2010,16,0.0005116748369632,0.0739270574421689,3.0,Growing Creator,6.54
291,michaeljacksonVEVO,0.0186899862825788,0.0020406480240553,138,Music,2009,17,0.0873484384718719,0.0003951229007133,2.47,Growing Creator,3.32
292,ItsFunneh,0.0262345679012345,0.0019696222693941,2519,Gaming,2011,15,0.0047475599760361,0.0089246049294235,1.21,Growing Creator,5.0
293,NBA,0.0693587105624142,0.001824977359698,45177,Sports,2005,21,0.0002322797952091,0.1147775964866801,4.21,Growing Creator,5.44
294,ChainsmokersVEVO,0.0316358024691358,0.0016915820097982,246,Music,2012,14,0.0486883076410518,0.0008996782506595,2.15,Stable Creator,5.7
295,eltrece,0.0359224965706447,0.0015709067137412,159305,Entertainment,2014,12,4.143619514936486e-05,0.7084807382444583,11.93,Elite Creator,16.32
296,Jake Fellman,0.0483539094650205,0.0011260529873939,440,Entertainment,2012,14,0.0269370949512127,0.0016392442702694,2.29,Stable Creator,6.37
297,DisneyJuniorUK,0.0324931412894375,0.0009716753972814,2789,Entertainment,2010,16,0.0042097366860185,0.0092650657985025,1.39,Growing Creator,4.61
298,JTBC Entertainment,0.0165466392318244,0.0006078207110355,76838,Entertainment,2012,14,0.0001193885787054,0.2928833925494442,4.99,Stable Creator,9.5
299,Mnet TV,0.0228052126200274,0.0002652556592503,21617,Entertainment,2013,13,0.0005069877576292,0.0887092139017298,2.15,Stable Creator,7.17
300,GMA News,0.0393518518518518,0.0,345736,News & Politics,2007,19,0.0,0.9711296379376904,15.94,Elite Creator,22.82
